algorithm,num_agents,runs,success_rate,valid_rate,median_runtime_ms,mean_runtime_ms,median_sum_of_costs_solved,median_makespan_solved,mean_conflicts
cbs,5,5,1.0,1.0,5.262,4.947,74.0,24.0,0.0
cbs,10,5,1.0,1.0,40.098,37.633,164.0,30.0,0.0
cbs,15,5,0.4,0.4,602.282,412.552,221.0,25.5,0.0
independent_astar,5,5,1.0,0.6,2.069,2.198,69.0,20.0,0.4
independent_astar,10,5,1.0,0.2,5.685,5.83,143.0,30.0,2.8
independent_astar,15,5,1.0,0.0,9.493,10.517,,,6.4
prioritized,5,5,1.0,1.0,11.479,19.768,74.0,24.0,0.0
prioritized,10,5,1.0,1.0,56.218,64.897,174.0,30.0,0.0
prioritized,15,5,1.0,1.0,134.573,134.496,255.0,28.0,0.0
